iso3_country_code,Date,"Australia (Eastern States), Wheat (ASW), USD/Kg","Australia (Eastern States), Barley (feed), USD/Kg","Argentina, Maize (Up River), USD/Kg","Canada (St Lawrence), Wheat (CWRS, 13.5%), USD/Kg","European Union, Bananas, USD/Kg","India, Rice (25% broken), USD/Kg","Philippines, Coconut oil, USD/Kg","United States of America, Soybean , USD/Kg","United States of America (Gulf), Sorghum, USD/Kg","EU, Amsterdam, Sunflowerseed, USD/Kg"
,11/01/2025,0.24055,0.2265,0.2078,0.27065,1.10848,0.33035,,,0.2054,
,10/01/2025,0.24065,0.22896,0.20195,0.25761,1.1303,0.34641,,,0.19691,
,09/01/2025,0.24214,0.233,0.20004,0.25968,1.14542,0.3581,,,0.19773,
,08/01/2025,0.24662,0.2371,0.20085,0.2601,1.12155,0.36116,2.736,0.437,0.18443,0.585
,07/01/2025,0.253,0.24391,0.19664,0.2733,1.1489,0.35693,2.858,0.434,0.18852,0.553
,06/01/2025,0.24862,0.24129,0.19255,0.29133,1.16229,0.3651,2.631,0.444,0.1901,0.565
,05/01/2025,0.25327,0.24191,0.2066,0.27382,1.13618,0.3668,2.709,0.449,0.20645,0.583
,04/01/2025,0.24745,0.23414,0.2216,0.26755,1.12487,0.36125,2.544,0.441,0.21836,0.623
,03/01/2025,0.24367,0.2289,0.2164,0.26229,1.08306,0.35925,2.321,0.437,0.21605,0.648
,02/01/2025,0.251,0.23275,0.2296,0.27125,1.02949,0.37375,2.103,0.446,0.2427,0.645
,01/01/2025,0.24539,0.22909,0.22495,0.26922,1.01547,0.411,1.994,0.441,0.23878,0.655
,12/01/2024,0.24891,0.23173,0.20984,0.2705,1.03719,0.42725,1.968,0.432,0.22714,0.661
,11/01/2024,0.25571,0.23086,0.20945,0.2629,1.03997,0.4362,1.874,0.438,0.23295,0.68
,10/01/2024,0.2543,0.23522,0.20792,0.27452,1.04983,0.47725,1.725,0.439,0.23548,0.616
,09/01/2024,0.25838,0.2349,0.19325,0.27167,1.06593,,1.733,0.441,0.23852,0.538
,08/01/2024,0.27041,0.23941,0.1851,0.25995,1.06987,,1.616,0.424,0.243,0.518
,07/01/2024,0.27691,0.24443,0.18344,0.26687,1.07939,,1.476,0.455,0.23583,0.52
,06/01/2024,0.28615,0.2517,0.1924,0.2787,1.06454,,1.398,0.472,0.247,0.523
,05/01/2024,0.26743,0.24891,0.19805,0.31274,1.07826,,1.397,0.496,0.25313,0.493
,04/01/2024,0.24341,0.23626,0.19452,0.28595,1.07429,,1.417,0.485,0.25064,0.476
,03/01/2024,0.25043,0.22865,0.1896,0.28748,1.08355,,1.289,0.487,0.25224,0.48
,02/01/2024,0.269,0.236,0.19035,0.29976,1.068,,1.167,0.507,0.23857,0.476
,01/01/2024,0.28122,0.249,0.20844,0.31339,1.08632,,1.125,0.53,0.25465,0.485
,12/01/2023,0.296,0.25462,0.21705,0.31657,1.08346,,1.104,0.548,0.26876,0.481
,11/01/2023,0.27623,0.25191,0.2132,0.31455,1.07669,,1.116,0.556,0.2705,0.469
,10/01/2023,0.29632,0.258,0.24344,0.31245,1.0531,,1.055,0.532,0.26814,0.436
,09/01/2023,0.29829,0.25667,0.2367,0.31948,1.04312,,1.066,0.561,0.24657,0.442
,08/01/2023,0.29365,0.24278,0.22084,0.3327,1.07425,,1.097,0.558,0.24343,0.498
,07/01/2023,0.2909,0.23433,0.2274,0.3521,1.11816,0.467,1.066,0.565,0.27662,0.481
,06/01/2023,0.27441,0.23232,0.23755,0.32955,1.10084,0.4366,1.007,0.525,0.29214,0.445
,05/01/2023,0.27391,0.25474,0.25312,0.32787,1.11148,0.41575,1.036,0.518,0.30652,0.508
,04/01/2023,0.2943,0.27545,0.28485,0.33695,1.14272,0.413,1.068,0.558,0.34225,0.504
,03/01/2023,0.303,0.27257,0.29875,0.34291,1.10595,0.4032,1.105,0.575,0.34339,0.522
,02/01/2023,0.3226,0.28565,0.3108,0.37135,1.0981,0.413,1.119,0.651,0.3627,0.601
,01/01/2023,0.32518,0.29236,0.3114,0.37114,1.07211,0.40625,1.08,0.648,0.36491,0.606
,12/01/2022,0.33518,0.28915,0.3121,0.37923,1.01414,0.3754,1.16,0.646,0.36127,0.591
,11/01/2022,0.35186,0.30123,0.30132,0.38691,0.96973,0.36825,1.179,0.646,0.36673,0.626
,10/01/2022,0.35129,0.29829,0.3081,0.38943,0.95008,0.366,1.105,0.623,0.37138,0.619
,09/01/2022,0.3385,0.30795,0.29445,0.38232,0.90106,0.3638,1.228,0.643,0.36014,0.616
,08/01/2022,0.35674,0.33039,0.28068,0.37613,0.8767,0.33225,1.361,0.633,0.31757,0.686
,07/01/2022,0.38343,0.34838,0.27035,0.3791,0.89148,0.3368,1.497,0.618,0.32495,0.654
,06/01/2022,0.41314,0.38668,0.29895,0.4585,0.95186,0.3353,1.686,0.675,0.37277,0.769
,05/01/2022,0.40177,0.37441,0.31416,0.5065,0.96247,0.32925,1.752,0.72,0.38891,0.878
,04/01/2022,0.3929,0.34457,0.31525,0.46752,0.96241,0.326,2.054,0.723,0.40229,0.895
,03/01/2022,0.3933,0.32609,0.33276,0.4503,0.97017,0.34,2.271,0.72,0.40391,0.97
,02/01/2022,0.32225,0.2797,0.2861,0.4088,0.96251,0.33475,2.146,0.669,0.34425,0.757
,01/01/2022,0.31076,0.26924,0.2716,0.38995,0.91153,0.33075,2.016,0.608,0.324,0.721
,12/01/2021,0.30825,0.26975,0.2605,0.41675,0.8851,0.3252,1.795,0.565,0.31743,0.716
,11/01/2021,0.3272,0.2812,0.252,0.4174,0.90365,0.334,1.905,0.553,0.306,0.741
,10/01/2021,0.32075,0.2675,0.2465,0.39675,0.92558,0.351,1.884,0.549,0.29752,0.748
,09/01/2021,0.30375,0.254,0.2405,0.3675,0.9141,0.3575,1.505,0.556,0.2955,0.654
,08/01/2021,0.2938,0.2448,0.2368,0.3718,0.89174,0.361,1.476,0.563,0.32714,0.609
,07/01/2021,0.2815,0.23725,0.235,0.3455,0.84794,0.363,1.567,0.573,0.35495,
,06/01/2021,0.2848,0.2484,0.2506,0.3242,0.95067,0.37,1.6,0.615,0.38941,0.743
,05/01/2021,0.2885,0.238,0.27175,0.3185,0.96929,0.37,1.662,0.646,0.39848,0.775
,04/01/2021,0.272,0.22725,0.2535,0.3025,0.96139,0.369,1.598,0.6,0.36668,0.759
,03/01/2021,0.273,0.2328,0.236,0.29,0.95066,0.37875,1.54,0.582,0.34287,0.787
,02/01/2021,0.27425,0.23675,0.24825,0.29375,0.94597,0.37875,1.429,0.581,0.34115,0.734
,01/01/2021,0.26925,0.22525,0.257,0.29575,0.93905,0.372,1.449,0.574,0.32419,0.71
,12/01/2020,0.2462,0.2048,0.2318,0.273,0.92024,0.3575,1.48,0.513,0.29174,0.654
,11/01/2020,0.24175,0.21325,0.2265,0.2725,0.88583,0.34275,1.383,0.502,0.2841,0.605
,10/01/2020,0.24825,0.2095,0.2175,0.26325,0.90325,0.355,1.108,0.454,0.27486,0.53
,09/01/2020,0.2316,0.1976,0.1848,0.2454,0.91014,0.3625,1.034,0.419,0.24391,0.476
,08/01/2020,0.21825,0.19175,0.163,0.23475,0.89532,0.3675,0.983,0.387,0.21838,0.39
,07/01/2020,0.2175,0.19125,0.153,0.2335,0.86138,0.364,0.897,0.383,0.2153,0.435
,06/01/2020,0.2296,0.1926,0.1494,0.238,0.90074,0.38,0.915,0.369,0.22582,0.434
,05/01/2020,0.268,0.193,0.14625,0.23825,0.90864,0.3846,0.832,0.36,0.22424,0.433
,04/01/2020,0.27675,0.2185,0.1555,0.23675,0.90265,0.37125,0.84,0.362,0.19695,0.424
,03/01/2020,0.2426,0.204,0.1696,0.242,0.90769,0.355,0.839,0.369,0.191,0.406
,02/01/2020,0.2475,0.21675,0.1795,0.249,0.89921,0.359,0.85,0.376,0.1805,0.426
,01/01/2020,0.25675,0.22575,0.1855,0.25975,0.87031,0.357,1.011,0.39,0.18422,0.443
,12/01/2019,0.2472,0.218,0.173,0.2514,0.85824,0.355,1.032,0.381,0.18027,0.418
,11/01/2019,0.235,0.20925,0.16675,0.24275,0.85367,0.3574,0.833,0.377,0.1789,0.389
,10/01/2019,0.2356,0.22,0.1566,0.25,0.85603,0.363,0.718,0.385,0.18426,0.366
,09/01/2019,0.239,0.2245,0.1455,0.228,0.84632,0.363,0.724,0.365,0.17195,0.355
,08/01/2019,0.22925,0.21975,0.15075,0.21525,0.83382,0.365,0.718,0.382,0.17832,0.362
,07/01/2019,0.2464,0.2428,0.1768,0.2264,0.86361,0.3625,0.665,0.374,0.18513,0.37
,06/01/2019,0.25175,0.248,0.18325,0.23925,0.88605,0.36125,0.643,0.371,0.20255,0.38
,05/01/2019,0.227,0.23675,0.166,0.238,0.91855,0.36,0.669,0.345,0.18843,0.405
,04/01/2019,0.2486,0.2496,0.155,0.2334,0.93418,0.35875,0.675,0.364,0.1765,0.393
,03/01/2019,0.2565,0.245,0.163,0.25025,0.93803,0.366,0.681,0.373,0.18233,0.397
,02/01/2019,0.27925,0.25075,0.17,0.25725,0.87171,0.35625,0.713,0.38,0.18315,0.396
,01/01/2019,0.2994,0.265,0.1726,0.2592,0.84844,0.36,0.782,0.382,0.18557,0.381
,12/01/2018,0.3105,0.271,0.1715,0.2645,0.83953,0.3575,0.806,0.382,0.1789,0.37
,11/01/2018,0.30075,0.26475,0.161,0.2665,0.86012,0.354,0.767,0.373,0.16832,0.377
,10/01/2018,0.315,0.3036,0.1624,0.271,0.90742,0.35025,0.841,0.368,0.17496,0.375
,09/01/2018,0.29275,0.29575,0.16,0.26425,0.88528,0.362,0.903,0.358,0.17785,0.378
,08/01/2018,0.305,0.289,0.168,0.264,0.84337,0.373,0.917,0.38,0.18835,0.389
,07/01/2018,0.2588,0.261,0.165,0.2358,0.87658,0.3875,0.917,0.378,0.18982,0.401
,06/01/2018,0.251,0.25525,0.17025,0.2325,0.91772,0.3796,0.938,0.398,0.1911,0.42
,05/01/2018,0.2476,0.2426,0.1916,0.256,0.96277,0.38075,1.029,0.431,0.19074,0.422
,04/01/2018,0.23125,0.2375,0.18925,0.24675,1.11319,0.38375,1.135,0.442,0.19252,0.423
,03/01/2018,0.22275,0.2345,0.1875,0.24725,1.11227,0.385,1.124,0.432,0.19636,0.416
,02/01/2018,0.22325,0.23725,0.17725,0.24925,1.07421,0.39,1.252,0.418,0.2057,0.408
,01/01/2018,0.2168,0.2226,0.1636,0.2582,0.97835,0.38375,1.399,0.405,0.20022,0.398
,12/01/2017,0.21325,0.211,0.158,0.2525,0.91248,0.371,1.456,0.399,0.1899,0.395
,11/01/2017,0.21375,0.2095,0.15,0.259,0.92528,0.36575,1.549,0.401,0.18441,0.393
,10/01/2017,0.2114,0.2044,0.149,0.2574,0.92184,0.3625,1.485,0.399,0.18805,0.39
,09/01/2017,0.216,0.208,0.14925,0.266,0.92602,0.373,1.525,0.397,0.18667,0.399
,08/01/2017,0.2124,0.1982,0.1488,0.278,0.93544,0.37375,1.604,0.39,0.18613,0.397
,07/01/2017,0.2405,0.21275,0.15025,0.3105,0.93605,0.37875,1.591,0.408,0.19186,0.399
,06/01/2017,0.212,0.19525,0.15525,0.25875,0.93177,0.375,1.697,0.38,0.18482,0.396
,05/01/2017,0.1842,0.1728,0.1614,0.2238,0.91498,0.36,1.687,0.388,0.1767,0.403
,04/01/2017,0.175,0.174,0.1645,0.21675,0.86943,0.35,1.58,0.389,0.173,0.4
,03/01/2017,0.1795,0.1745,0.1635,0.21575,0.84994,0.344,1.549,0.404,0.16478,0.41
,02/01/2017,0.17725,0.16975,0.17925,0.22375,0.83209,0.345,1.703,0.427,0.16605,0.415
,01/01/2017,0.1722,0.1568,0.1834,0.2258,0.83396,0.33775,1.815,0.425,0.16782,0.416
,12/01/2016,0.17825,0.149,0.181,0.21925,0.83229,0.329,1.699,0.42,0.16568,0.42
,11/01/2016,0.1906,0.158,0.1776,0.2096,0.85847,0.325,1.538,0.412,0.16445,0.423
,10/01/2016,0.189,0.15475,0.17425,0.2155,0.89724,0.328,1.463,0.403,0.17443,0.413
,09/01/2016,0.18775,0.13733,0.1705,0.20275,0.9087,0.326,1.547,0.405,0.173,0.406
,08/01/2016,0.1938,0.14875,0.1772,0.2032,0.90134,0.337,1.529,0.413,0.17426,0.404
,07/01/2016,0.208,0.16775,0.179,0.2095,0.92841,0.362,1.507,0.432,0.17362,0.403
,06/01/2016,0.222,0.1835,0.1965,0.22575,0.94227,0.361,1.563,0.457,0.19595,0.429
,05/01/2016,0.2154,0.1758,0.1868,0.2266,0.9289,0.346,1.445,0.422,0.18395,0.428
,04/01/2016,0.2175,0.1695,0.1705,0.2315,0.93966,0.327,1.586,0.393,0.17362,0.427
,03/01/2016,0.2126,0.1714,0.163,0.2248,0.93922,0.3225,1.448,0.375,0.17596,0.436
,02/01/2016,0.20625,0.1705,0.167,0.22525,0.93099,0.3163,1.216,0.369,0.17462,0.464
,01/01/2016,0.20475,0.1755,0.161,0.2295,0.85581,0.3214,1.155,0.367,0.1729,0.465
,12/01/2015,0.209,0.1822,0.1662,0.2344,0.85976,0.326,1.147,0.372,0.17926,0.473
,11/01/2015,0.214,0.185,0.16675,0.2295,0.8475,0.3103,1.073,0.368,0.18895,0.478
,10/01/2015,0.21525,0.19425,0.16375,0.23525,0.92603,0.312,1.108,0.376,0.19805,0.464
,09/01/2015,0.1998,0.1852,0.1612,0.2312,0.90683,0.3248,1.063,0.368,0.19777,0.431
,08/01/2015,0.22925,0.2075,0.1595,0.223,0.90199,0.3388,1.037,0.381,0.20986,0.43
,07/01/2015,0.24175,0.22725,0.17625,0.2495,0.88799,0.351,1.1,0.405,0.25061,0.432
,06/01/2015,0.2454,0.231,0.1732,0.2512,0.89999,0.344,1.131,0.397,0.25173,0.42
,05/01/2015,0.236,0.244,0.16825,0.2375,0.94075,0.3468,1.133,0.385,0.25729,0.406
,04/01/2015,0.237,0.2445,0.1675,0.2485,0.9149,0.348,1.08,0.396,0.2695,0.426
,03/01/2015,0.2346,0.2404,0.1686,0.2628,0.92852,0.348,1.091,0.402,0.26073,0.433
,02/01/2015,0.2425,0.23975,0.17825,0.283,0.93814,0.35,1.187,0.407,0.2572,0.438
,01/01/2015,0.26175,0.25125,0.18425,0.30175,0.88836,0.349,1.155,0.421,0.25591,0.438
,12/01/2014,0.266,0.2566,0.1974,0.3272,0.94886,0.35,1.217,0.446,0.259,0.464
,11/01/2014,0.268,0.25775,0.17705,0.30125,0.99775,0.362,1.194,0.447,0.24755,0.443
,10/01/2014,0.26425,0.251,0.17075,0.29775,1.00879,0.371,1.15,0.43,0.23952,0.419
,09/01/2014,0.257,0.2308,0.1656,0.295,0.96691,0.384,1.181,0.433,0.21777,0.403
,08/01/2014,0.25825,0.223,0.18075,0.29575,0.98894,0.385,1.172,0.457,0.22186,0.401
,07/01/2014,0.2594,0.248,0.1918,0.2992,1.02261,0.385,1.26,0.48,0.22317,0.425
,06/01/2014,0.2755,0.25075,0.204,0.316,1.07118,0.385,1.402,0.514,0.24238,0.449
,05/01/2014,0.29125,0.25675,0.224,,1.12031,0.384,1.411,0.522,0.25318,0.468
,04/01/2014,0.2872,0.2556,0.2288,,1.22595,0.381,1.356,0.516,0.26641,0.515
,03/01/2014,0.28125,0.2535,0.2255,,1.12136,0.381,1.394,0.501,0.25729,0.524
,02/01/2014,0.26025,0.23775,0.21825,,1.04564,0.378,1.365,0.594,0.2409,0.492
,01/01/2014,0.2525,0.2285,0.21475,,0.99255,0.373,1.271,0.566,0.23235,0.477
,12/01/2013,0.2666,0.2224,0.2124,0.275,0.97146,0.382,1.269,0.568,0.22945,0.495
,11/01/2013,0.27625,0.23025,0.20675,0.30325,0.88063,0.379,1.27,0.556,0.2259,0.478
,10/01/2013,0.283,0.2326,0.2074,0.3224,0.95769,0.386,0.985,0.544,0.232,0.468
,09/01/2013,0.2915,0.22875,0.219,0.32,0.97394,0.376,0.982,0.556,0.23771,0.44
,08/01/2013,0.294,0.233,0.22125,0.335,0.97738,0.388,0.894,0.516,0.24195,0.407
,07/01/2013,0.2938,0.2634,0.2412,0.3452,0.99816,0.428,0.861,0.509,0.26735,0.446
,06/01/2013,0.30225,0.26825,0.2645,0.355,1.05997,0.416,0.895,0.524,0.27445,0.535
,05/01/2013,0.3095,0.28925,0.257,0.3625,1.054,0.418,0.828,0.497,0.2903,0.561
,04/01/2013,0.3046,0.2818,0.2418,0.3588,1.10333,0.418,0.793,0.495,0.29073,0.568
,03/01/2013,0.29925,0.284,0.276,0.35575,1.07918,0.415,0.82,0.511,0.31557,0.649
,02/01/2013,0.30575,0.30125,0.28275,0.364,1.11242,0.42,0.861,0.596,0.30755,0.686
,01/01/2013,0.3256,0.3104,0.2936,0.379,1.09557,0.398,0.829,0.592,0.30939,0.672
,12/01/2012,0.33875,0.31175,0.28775,,1.1234,0.39,0.785,0.607,0.308,0.67
,11/01/2012,0.34,0.29975,0.29425,,1.06779,0.396,0.848,0.589,0.31018,0.652
,10/01/2012,0.3434,0.306,0.2744,,1.11733,0.41,0.898,0.617,0.30539,0.677
,09/01/2012,0.34525,0.3105,0.27775,,1.11188,0.405,0.967,0.67,0.30845,0.704
,08/01/2012,0.347,0.31075,0.294,,0.98487,0.391,1.001,0.684,0.32204,0.66
,07/01/2012,0.333,0.3026,0.2852,,0.85025,0.394,1.07,0.662,0.30582,0.629
,06/01/2012,0.278,0.25475,0.2385,,1.04931,0.382,1.058,0.567,0.26257,0.575
,05/01/2012,0.2664,0.24775,0.246,,1.20712,0.37875,1.155,0.573,0.26257,0.603
,04/01/2012,0.24725,0.2505,0.2565,0.384,1.25723,0.38375,1.348,0.575,0.27967,0.62
,03/01/2012,0.2465,0.2466,0.26975,0.371,1.22107,0.379,1.338,0.543,0.28423,0.589
,02/01/2012,0.25625,0.2515,0.2675,0.3805,1.24455,0.395,1.411,0.512,0.28686,0.577
,01/01/2012,0.247,0.2475,0.258,0.385,0.96192,0.39,1.451,0.498,0.28495,0.54
,12/01/2011,0.226,0.2338,0.2415,0.39725,0.93996,0.384,1.445,0.474,0.28259,0.545
,11/01/2011,0.2348,0.23425,0.271,0.4094,0.9706,0.39625,1.479,0.486,0.2895,0.545
,10/01/2011,0.234,0.23775,0.27625,0.41475,0.99208,0.41875,1.208,0.503,0.28076,0.524
,09/01/2011,0.25225,0.253,0.2945,0.4125,0.99134,0.43667,1.305,0.543,0.30814,0.555
,08/01/2011,0.2558,0.26425,0.3116,0.4378,1.0225,,1.454,0.558,0.32139,0.594
,07/01/2011,0.243,0.261,0.3005,0.44825,1.07581,,1.662,0.559,0.29214,0.615
,06/01/2011,0.27125,0.26575,0.30625,0.48225,1.18606,,1.803,0.558,0.30664,0.663
,05/01/2011,0.27475,0.25075,0.303,0.4814,1.2704,,2.097,0.556,0.29668,0.693
,04/01/2011,0.2852,0.2496,0.314,0.466,1.294,,2.089,0.556,0.30667,0.684
,03/01/2011,0.28275,0.25325,0.2876,0.433,1.2463,,1.925,0.553,0.28291,0.684
,02/01/2011,0.30175,0.2725,0.28825,0.47275,1.311,,2.256,0.575,0.286,0.714
,01/01/2011,0.29825,0.25525,0.2725,0.4365,1.19677,,2.038,0.582,0.26981,0.716
,12/01/2010,0.3158,0.232,0.25975,0.41975,1.06214,,1.715,0.547,0.25657,0.689
,11/01/2010,0.28825,0.2365,0.2464,0.3768,1.03476,,1.512,0.526,0.24036,0.693
,10/01/2010,0.2872,0.2642,0.2485,0.367,1.00334,,1.412,0.493,0.24767,0.634
,09/01/2010,0.29025,0.2585,0.22925,0.36835,0.97409,,1.275,0.47,0.22991,0.534
,08/01/2010,0.2675,0.25275,0.1984,0.3295,0.86485,,1.17,0.457,0.19859,0.491
,07/01/2010,0.203,0.1796,0.17125,0.2964,0.95886,,1.031,0.429,0.16882,0.443
,06/01/2010,0.18025,0.159,0.1626,0.2645,1.03653,,0.993,0.408,0.15773,0.423
,05/01/2010,0.18275,0.159,0.17,0.25725,0.99899,,0.932,0.407,0.16805,0.485
,04/01/2010,0.1832,0.153,0.16125,0.2682,1.05143,,0.94,0.411,0.16441,0.479
,03/01/2010,0.18625,0.14775,0.16,0.27125,1.1247,,0.921,0.408,0.16817,0.463
,02/01/2010,0.1915,0.147,0.16425,0.2825,0.97589,,0.798,0.406,0.16715,0.444
,01/01/2010,0.203,0.14925,0.1775,0.28625,0.94131,,0.784,0.436,0.17526,0.434
,12/01/2009,0.209,0.1536,0.1768,0.30311,0.98936,,0.768,0.45,0.18391,0.448
,11/01/2009,0.21025,0.15625,0.17525,0.30697,1.02749,,0.729,0.44,0.18262,0.406
,10/01/2009,0.2028,0.1492,0.1755,0.28986,1.08028,,0.706,0.427,0.17491,0.373
,09/01/2009,0.204,0.1425,0.1628,0.28074,1.13032,,0.701,0.421,0.15768,0.348
,08/01/2009,0.22225,0.1605,0.1665,0.28706,1.07637,,0.747,0.47,0.159,0.365
,07/01/2009,0.2438,0.1734,0.164,0.31994,1.14658,,0.686,0.463,0.15104,0.37
,06/01/2009,0.265,0.1805,0.1846,0.36653,1.28428,,0.747,0.503,0.17832,0.413
,05/01/2009,0.2402,0.1658,0.1855,0.3847,1.28675,,0.843,0.465,0.18,0.413
,04/01/2009,0.22075,0.1555,0.16575,0.38455,1.29159,,0.747,0.414,0.16767,0.35
,03/01/2009,0.21775,0.14975,0.163,0.30708,1.33094,,0.625,0.379,0.1625,0.35
,02/01/2009,0.21075,0.1425,0.15775,0.31881,1.06715,,0.673,0.39,0.1531,0.369
,01/01/2009,0.2088,0.1318,0.1595,0.34265,1.02771,,0.734,0.413,0.16381,0.344
,12/01/2008,0.202,0.12725,0.1518,0.32828,1.00644,,0.74,0.36,0.15423,0.316
,11/01/2008,,0.1325,0.15625,0.32395,0.88293,,0.719,0.378,0.1614,0.337
,10/01/2008,,0.1722,0.16925,0.32251,0.94203,,0.856,0.394,0.17809,0.389
,09/01/2008,,0.2155,0.2028,0.36653,1.10685,,1.11,0.509,0.23019,0.511
,08/01/2008,,0.2584,0.2165,0.40252,1.15844,,1.193,0.556,0.22971,0.589
,07/01/2008,,0.322,0.2516,0.39866,1.10342,,1.436,0.634,0.24887,0.763
,06/01/2008,,0.327,0.25825,0.4268,1.10181,,1.551,0.622,0.29695,0.767
,05/01/2008,,0.29925,0.207,0.48432,1.24676,,1.502,0.575,0.25359,0.749
,04/01/2008,,0.29925,0.224,0.53475,1.44042,,1.443,0.558,0.25341,0.928
,03/01/2008,,0.3275,0.21575,0.61524,1.64291,,1.471,0.575,0.23733,0.922
,02/01/2008,,0.2884,0.2065,0.74362,1.45107,,1.382,0.572,0.22919,0.826
,01/01/2008,,0.29625,0.20504,0.50976,1.16944,0.345,1.285,0.541,0.23077,0.772
,12/01/2007,,0.29367,0.17067,0.46853,1.05403,,1.153,0.515,0.20515,0.711
,11/01/2007,,0.2824,0.17925,0.38987,1.045,0.3225,1.131,0.489,0.18973,0.712
,10/01/2007,,0.33175,0.1762,0.38512,1.10429,0.305,1.01,0.45,0.20052,0.693
,09/01/2007,0.354,0.3635,0.1695,0.36026,1.10717,0.30167,0.93,0.426,0.2126,0.645
,08/01/2007,0.298,0.2656,0.1565,0.29446,0.93597,0.29833,0.91,0.385,0.18809,0.542
,07/01/2007,0.27175,0.2285,0.14333,0.27292,0.95437,0.285,0.929,0.376,0.16627,0.462
,06/01/2007,0.2504,0.21,0.15575,0.25898,0.97682,,0.979,0.361,0.17362,0.417
,05/01/2007,0.23025,0.2025,0.147,0.23853,1.03757,,0.894,0.334,0.16722,0.395
,04/01/2007,0.2415,0.1985,0.1435,0.23621,1.11986,,0.828,0.32,0.16052,0.369
,03/01/2007,0.2366,0.187,0.16025,0.23375,1.05515,0.26,0.769,0.322,0.1833,0.347
,02/01/2007,0.23575,0.19,0.16525,0.23324,1.06884,0.27,0.763,0.325,0.1879,0.339
,01/01/2007,0.22575,0.19225,0.1608,0.23077,0.98504,0.27,0.731,0.306,0.18214,0.338
,12/01/2006,0.2328,0.2002,0.16175,0.23809,0.89054,0.27,0.732,0.297,0.17981,0.34
,11/01/2006,0.23475,0.19075,0.1715,0.2277,0.85896,0.257,0.656,0.3,0.177,0.325
,10/01/2006,0.23325,0.207,0.1352,0.22764,0.78628,0.252,0.626,0.273,0.16182,0.295
,09/01/2006,0.2218,0.1692,0.11375,0.2078,0.79618,0.252,0.609,0.258,0.13448,0.301
,08/01/2006,0.21575,0.14,0.1112,0.20783,0.75785,0.243,0.606,0.262,0.12748,0.312
,07/01/2006,0.224,0.13425,0.11375,0.23058,0.75,0.243,0.583,0.272,0.1318,0.312
,06/01/2006,0.2226,0.1288,0.1075,0.21626,0.95437,0.243,0.575,0.267,0.12527,0.306
,05/01/2006,0.219,0.12925,0.1116,0.21455,1.05096,0.243,0.583,0.266,0.12609,0.306
,04/01/2006,0.20475,0.12433,0.10575,0.20303,0.96852,0.243,0.578,0.258,0.11747,0.299
,03/01/2006,0.1984,0.119,0.0995,0.20369,0.99812,0.2382,0.575,0.257,0.11265,0.284
,02/01/2006,0.20025,0.1185,0.1045,0.21371,1.0034,0.23775,0.591,0.257,0.11479,0.266
